{
  "keras_metrics": {
    "loss": 0.0596550852060318,
    "mae": 0.19856111705303192,
    "rmse": 0.2321578860282898
  },
  "mae_soc": 0.19856111677111807,
  "rmse_soc": 0.23215788560669828,
  "r2": 0.18383919084453182,
  "n_test_windows": 185,
  "n_test_files": 4
}